dispositivo,asignacion,tamano_MB_etiqueta_banco,tiempo_s,commit,lanzador
NVMe,1,100,1.122,2716ef4,ajuste local TCP y espera de 120 s
NVMe,2,100,1.362,2716ef4,ajuste local TCP y espera de 120 s
NVMe,3,100,1.147,2716ef4,ajuste local TCP y espera de 120 s
NVMe,4,100,1.036,2716ef4,ajuste local TCP y espera de 120 s
NVMe,5,100,1.155,2716ef4,ajuste local TCP y espera de 120 s
Descargas,1,100,1.518,2716ef4,ajuste local TCP y espera de 120 s
Descargas,2,100,1.373,2716ef4,ajuste local TCP y espera de 120 s
Descargas,3,100,1.455,2716ef4,ajuste local TCP y espera de 120 s
Descargas,4,100,1.449,2716ef4,ajuste local TCP y espera de 120 s
Descargas,5,100,1.264,2716ef4,ajuste local TCP y espera de 120 s
WDElements,1,100,3.34,2716ef4,ajuste local TCP y espera de 120 s
WDElements,2,100,2.525,2716ef4,ajuste local TCP y espera de 120 s
WDElements,3,100,2.758,2716ef4,ajuste local TCP y espera de 120 s
WDElements,4,100,3.115,2716ef4,ajuste local TCP y espera de 120 s
WDElements,5,100,2.857,2716ef4,ajuste local TCP y espera de 120 s
